<fop version="1.0">
<renderers>
    <renderer mime="application/pdf">         
      <fonts>                            
        <font embed-url="/com/parasoft/xtest/reports/fonts/sazanami-gothic.ttf">
            <font-triplet name="sazanami" style="normal" weight="700"/>
            <font-triplet name="sazanami" style="normal" weight="400"/>
            <font-triplet name="sazanami" style="italic" weight="700"/>
            <font-triplet name="sazanami" style="italic" weight="400"/>
            <font-triplet name="sazanami" style="bold" weight="700"/>
            <font-triplet name="sazanami" style="bold" weight="400"/>
        </font>        
        <font embed-url="/com/parasoft/xtest/reports/fonts/fireflysung.ttf">
            <font-triplet name="fireflysung" style="normal" weight="700"/>
            <font-triplet name="fireflysung" style="normal" weight="400"/>
            <font-triplet name="fireflysung" style="italic" weight="700"/>
            <font-triplet name="fireflysung" style="italic" weight="400"/>
            <font-triplet name="fireflysung" style="bold" weight="700"/>
            <font-triplet name="fireflysung" style="bold" weight="400"/>
        </font>        
        <font embed-url="/com/parasoft/xtest/reports/fonts/UnBatang.ttf">
            <font-triplet name="batang" style="normal" weight="700"/>
            <font-triplet name="batang" style="normal" weight="400"/>
            <font-triplet name="batang" style="italic" weight="700"/>
            <font-triplet name="batang" style="italic" weight="400"/>
            <font-triplet name="batang" style="bold" weight="700"/>
            <font-triplet name="batang" style="bold" weight="400"/>
        </font>
        <auto-detect/>
      </fonts>
    </renderer>
</renderers>
</fop>

    
